{"cameraMode":{"drawMode":0,"name":"Shaded","section":"Shading Mode"},"sceneLighting":true,"audioPlay":false,"sceneViewState":{"m_AlwaysRefresh":false,"showFog":true,"showSkybox":true,"showFlares":true,"showImageEffects":true,"showParticleSystems":true,"showVisualEffectGraphs":true,"m_FxEnabled":true},"in2DMode":false,"pivot":{"x":-0.3969440162181854,"y":0.7688707709312439,"z":0.6928834915161133},"rotation":{"x":-3.3495162199415064e-9,"y":-0.021998055279254915,"z":3.605238774184727e-8,"w":0.9997595548629761},"size":8.204938888549805,"orthographic":false}